user_id,First Name,Last Name,Email
1,Evelyn,Douglas,e.douglas@randatmail.com
2,Byron,Fowler,b.fowler@randatmail.com
3,Melissa,Mason,m.mason@randatmail.com
4,Mike,Rogers,m.rogers@randatmail.com
5,Tara,Henderson,t.henderson@randatmail.com
6,Brianna,Morgan,b.morgan@randatmail.com
7,Alexander,Reed,a.reed@randatmail.com
8,Alina,Hall,a.hall@randatmail.com
9,Roman,Chapman,r.chapman@randatmail.com
10,Lucy,Armstrong,l.armstrong@randatmail.com
11,Mary,Elliott,m.elliott@randatmail.com
12,Alissa,Carroll,a.carroll@randatmail.com
13,Alen,Elliott,a.elliott@randatmail.com
14,Ada,Turner,a.turner@randatmail.com
15,Mary,Holmes,m.holmes@randatmail.com
16,Owen,Wilson,o.wilson@randatmail.com
17,Frederick,Reed,f.reed@randatmail.com
18,Jenna,Williams,j.williams@randatmail.com
19,Justin,Hall,j.hall@randatmail.com
20,Kevin,Kelley,k.kelley@randatmail.com
21,Maria,Sullivan,m.sullivan@randatmail.com
22,Lucas,Ryan,l.ryan@randatmail.com
23,Marcus,Barnes,m.barnes@randatmail.com
24,Abraham,Allen,a.allen@randatmail.com
25,Dexter,Ferguson,d.ferguson@randatmail.com
26,Ada,Tucker,a.tucker@randatmail.com
27,Alfred,Chapman,a.chapman@randatmail.com
28,Ted,Morgan,t.morgan@randatmail.com
29,Rebecca,Farrell,r.farrell@randatmail.com
30,Michelle,Clark,m.clark@randatmail.com
31,Justin,Murphy,j.murphy@randatmail.com
32,Eleanor,Elliott,e.elliott@randatmail.com
33,Chester,Andrews,c.andrews@randatmail.com
34,Maria,Turner,m.turner@randatmail.com
35,Antony,Holmes,a.holmes@randatmail.com
36,Jared,Stevens,j.stevens@randatmail.com
37,Vincent,Wilson,v.wilson@randatmail.com
38,April,Hall,a.hall@randatmail.com
39,Kimberly,Andrews,k.andrews@randatmail.com
40,Alfred,Campbell,a.campbell@randatmail.com
41,Alan,Davis,a.davis@randatmail.com
42,Alisa,Wells,a.wells@randatmail.com
43,James,Murray,j.murray@randatmail.com
44,Victoria,Scott,v.scott@randatmail.com
45,Julia,Morgan,j.morgan@randatmail.com
46,Stuart,Murray,s.murray@randatmail.com
47,Lily,Mason,l.mason@randatmail.com
48,Rosie,Scott,r.scott@randatmail.com
49,Robert,Gibson,r.gibson@randatmail.com
50,Miley,Rogers,m.rogers@randatmail.com
51,Vincent,Carroll,v.carroll@randatmail.com
52,Ada,Elliott,a.elliott@randatmail.com
53,Natalie,Barrett,n.barrett@randatmail.com
54,Antony,Harrison,a.harrison@randatmail.com
55,Adison,Gray,a.gray@randatmail.com
56,Maria,Kelly,m.kelly@randatmail.com
57,Edwin,Myers,e.myers@randatmail.com
58,Alberta,Walker,a.walker@randatmail.com
59,Alen,Foster,a.foster@randatmail.com
60,Sophia,Kelley,s.kelley@randatmail.com
61,Fiona,Payne,f.payne@randatmail.com
62,Natalie,Sullivan,n.sullivan@randatmail.com
63,Leonardo,Farrell,l.farrell@randatmail.com
64,Adelaide,Wilson,a.wilson@randatmail.com
65,Chester,Payne,c.payne@randatmail.com
66,Hailey,Brooks,h.brooks@randatmail.com
67,Ellia,Hunt,e.hunt@randatmail.com
68,Sofia,Harper,s.harper@randatmail.com
69,Annabella,Williams,a.williams@randatmail.com
70,Steven,Dixon,s.dixon@randatmail.com
71,Vincent,Mason,v.mason@randatmail.com
72,Tony,Wright,t.wright@randatmail.com
73,Sophia,Sullivan,s.sullivan@randatmail.com
74,Vincent,Taylor,v.taylor@randatmail.com
75,Michael,Dixon,m.dixon@randatmail.com
76,Daryl,Henderson,d.henderson@randatmail.com
77,Lydia,Hill,l.hill@randatmail.com
78,Alexander,Walker,a.walker@randatmail.com
79,Tara,Jones,t.jones@randatmail.com
80,Mike,Mason,m.mason@randatmail.com
81,Alina,Watson,a.watson@randatmail.com
82,Martin,Nelson,m.nelson@randatmail.com
83,Kelsey,Brown,k.brown@randatmail.com
84,Paul,Phillips,p.phillips@randatmail.com
85,Luke,Anderson,l.anderson@randatmail.com
86,Rubie,Harrison,r.harrison@randatmail.com
87,Michael,Elliott,m.elliott@randatmail.com
88,Alford,Baker,a.baker@randatmail.com
89,Evelyn,Cameron,e.cameron@randatmail.com
90,Caroline,Williams,c.williams@randatmail.com
91,Andrew,Scott,a.scott@randatmail.com
92,Rafael,Cole,r.cole@randatmail.com
93,Blake,Brooks,b.brooks@randatmail.com
94,Sabrina,Murphy,s.murphy@randatmail.com
95,Ada,Thompson,a.thompson@randatmail.com
96,Brooke,Grant,b.grant@randatmail.com
97,Alen,Lloyd,a.lloyd@randatmail.com
98,Jasmine,Alexander,j.alexander@randatmail.com
99,Sienna,Grant,s.grant@randatmail.com
100,Steven,Nelson,s.nelson@randatmail.com
101,Melissa,Watson,m.watson@randatmail.com
102,Miley,Perkins,m.perkins@randatmail.com
103,Richard,Grant,r.grant@randatmail.com
104,Sofia,Carter,s.carter@randatmail.com
105,Alexia,Evans,a.evans@randatmail.com
106,Eric,Ferguson,e.ferguson@randatmail.com
107,Harold,Harper,h.harper@randatmail.com
108,Clark,Ross,c.ross@randatmail.com
109,Brianna,Brown,b.brown@randatmail.com
110,Arthur,Hill,a.hill@randatmail.com
111,Joyce,Phillips,j.phillips@randatmail.com
112,Stella,Kelley,s.kelley@randatmail.com
113,Bruce,Johnson,b.johnson@randatmail.com
114,Kelsey,Perry,k.perry@randatmail.com
115,Amber,Wilson,a.wilson@randatmail.com
116,Amanda,Morgan,a.morgan@randatmail.com
117,Alexia,Davis,a.davis@randatmail.com
118,Sarah,Crawford,s.crawford@randatmail.com
119,Charlotte,Scott,c.scott@randatmail.com
120,Connie,Morris,c.morris@randatmail.com
121,Brad,Campbell,b.campbell@randatmail.com
122,Owen,Bailey,o.bailey@randatmail.com
123,Sienna,Barrett,s.barrett@randatmail.com
124,Carl,Morgan,c.morgan@randatmail.com
125,Audrey,Harrison,a.harrison@randatmail.com
126,Melanie,Morris,m.morris@randatmail.com
127,Dexter,Morrison,d.morrison@randatmail.com
128,Edgar,Hall,e.hall@randatmail.com
129,Kevin,Cameron,k.cameron@randatmail.com
130,Adele,Murray,a.murray@randatmail.com
131,Jack,Wilson,j.wilson@randatmail.com
132,Gianna,Myers,g.myers@randatmail.com
133,Belinda,Nelson,b.nelson@randatmail.com
134,Amber,Kelly,a.kelly@randatmail.com
135,Freddie,Campbell,f.campbell@randatmail.com
136,Vanessa,Clark,v.clark@randatmail.com
137,Harold,Casey,h.casey@randatmail.com
138,Michael,Andrews,m.andrews@randatmail.com
139,Bruce,Baker,b.baker@randatmail.com
140,Aston,Brown,a.brown@randatmail.com
141,Adrianna,Johnston,a.johnston@randatmail.com
142,Preston,Miller,p.miller@randatmail.com
143,Myra,Kelly,m.kelly@randatmail.com
144,Alisa,Elliott,a.elliott@randatmail.com
145,Emily,Anderson,e.anderson@randatmail.com
146,Carlos,Dixon,c.dixon@randatmail.com
147,Julia,Cooper,j.cooper@randatmail.com
148,Arianna,Phillips,a.phillips@randatmail.com
149,Michael,Fowler,m.fowler@randatmail.com
150,James,Russell,j.russell@randatmail.com
151,Dainton,Owens,d.owens@randatmail.com
152,Deanna,Edwards,d.edwards@randatmail.com
153,William,Morris,w.morris@randatmail.com
154,Aida,Kelly,a.kelly@randatmail.com
155,Catherine,Morrison,c.morrison@randatmail.com
156,Tony,Scott,t.scott@randatmail.com
157,Tara,Barrett,t.barrett@randatmail.com
158,Ellia,Montgomery,e.montgomery@randatmail.com
159,Amy,Cole,a.cole@randatmail.com
160,Patrick,Holmes,p.holmes@randatmail.com
161,Stella,Parker,s.parker@randatmail.com
162,Lana,Gibson,l.gibson@randatmail.com
163,Evelyn,Watson,e.watson@randatmail.com
164,Alissa,Williams,a.williams@randatmail.com
165,Julian,Hamilton,j.hamilton@randatmail.com
166,Carlos,Hawkins,c.hawkins@randatmail.com
167,Freddie,Tucker,f.tucker@randatmail.com
168,Kate,Watson,k.watson@randatmail.com
169,Michael,Wells,m.wells@randatmail.com
170,Brooke,Roberts,b.roberts@randatmail.com
171,Carlos,Scott,c.scott@randatmail.com
172,Alissa,Allen,a.allen@randatmail.com
173,Vanessa,Myers,v.myers@randatmail.com
174,Daryl,Russell,d.russell@randatmail.com
175,Ryan,Turner,r.turner@randatmail.com
176,Arnold,Thompson,a.thompson@randatmail.com
177,Alina,Clark,a.clark@randatmail.com
178,Sofia,Perkins,s.perkins@randatmail.com
179,Lilianna,Stevens,l.stevens@randatmail.com
180,Vivian,Miller,v.miller@randatmail.com
181,Stella,Russell,s.russell@randatmail.com
182,Heather,Watson,h.watson@randatmail.com
183,Tony,Riley,t.riley@randatmail.com
184,Belinda,Alexander,b.alexander@randatmail.com
185,Lilianna,Cunningham,l.cunningham@randatmail.com
186,Frederick,Johnston,f.johnston@randatmail.com
187,Adam,Evans,a.evans@randatmail.com
188,Nicole,Adams,n.adams@randatmail.com
189,Sienna,Mason,s.mason@randatmail.com
190,Chester,Henderson,c.henderson@randatmail.com
191,Evelyn,Turner,e.turner@randatmail.com
192,Harold,Baker,h.baker@randatmail.com
193,Julian,Perry,j.perry@randatmail.com
194,Maximilian,Mitchell,m.mitchell@randatmail.com
195,Lily,Evans,l.evans@randatmail.com
196,Carlos,Armstrong,c.armstrong@randatmail.com
197,Maya,Ferguson,m.ferguson@randatmail.com
198,Ashton,Mason,a.mason@randatmail.com
199,Maddie,Stevens,m.stevens@randatmail.com
200,Aston,Scott,a.scott@randatmail.com
201,Naomi,Stewart,n.stewart@randatmail.com
202,Audrey,Stewart,a.stewart@randatmail.com
203,Ada,Richards,a.richards@randatmail.com
204,Audrey,Evans,a.evans@randatmail.com
205,Dominik,Roberts,d.roberts@randatmail.com
206,Carl,West,c.west@randatmail.com
207,Maya,Stevens,m.stevens@randatmail.com
208,Mike,Watson,m.watson@randatmail.com
209,Roman,Murray,r.murray@randatmail.com
210,Alan,Barrett,a.barrett@randatmail.com
211,Vanessa,Crawford,v.crawford@randatmail.com
212,Alexander,Jones,a.jones@randatmail.com
213,Garry,Richards,g.richards@randatmail.com
214,Jack,Phillips,j.phillips@randatmail.com
215,Myra,Martin,m.martin@randatmail.com
216,Maddie,Miller,m.miller@randatmail.com
217,Lucia,Douglas,l.douglas@randatmail.com
218,Elise,Johnston,e.johnston@randatmail.com
219,Agata,Anderson,a.anderson@randatmail.com
220,Elise,Rogers,e.rogers@randatmail.com
221,Arnold,Johnston,a.johnston@randatmail.com
222,James,Payne,j.payne@randatmail.com
223,Brianna,Nelson,b.nelson@randatmail.com
224,Kevin,Robinson,k.robinson@randatmail.com
225,Richard,Stewart,r.stewart@randatmail.com
226,Jenna,West,j.west@randatmail.com
227,Miley,Barnes,m.barnes@randatmail.com
228,Arthur,Ellis,a.ellis@randatmail.com
229,Violet,Harris,v.harris@randatmail.com
230,James,Payne,j.payne@randatmail.com
231,Andrew,Carroll,a.carroll@randatmail.com
232,Melanie,Reed,m.reed@randatmail.com
233,Alexia,West,a.west@randatmail.com
234,Adrianna,Casey,a.casey@randatmail.com
235,Amanda,Ferguson,a.ferguson@randatmail.com
236,William,Payne,w.payne@randatmail.com
237,John,Nelson,j.nelson@randatmail.com
238,Myra,Scott,m.scott@randatmail.com
239,Dexter,Elliott,d.elliott@randatmail.com
240,Lana,Gray,l.gray@randatmail.com
241,Freddie,Kelly,f.kelly@randatmail.com
242,Myra,Ellis,m.ellis@randatmail.com
243,David,Payne,d.payne@randatmail.com
244,Carlos,Alexander,c.alexander@randatmail.com
245,Alfred,Murray,a.murray@randatmail.com
246,Henry,Cooper,h.cooper@randatmail.com
247,William,Martin,w.martin@randatmail.com
248,Edith,Cunningham,e.cunningham@randatmail.com
249,Kristian,Smith,k.smith@randatmail.com
250,Lenny,Richardson,l.richardson@randatmail.com
251,Dexter,Rogers,d.rogers@randatmail.com
252,Alina,Andrews,a.andrews@randatmail.com
253,Belinda,Allen,b.allen@randatmail.com
254,Charlie,Davis,c.davis@randatmail.com
255,Steven,Foster,s.foster@randatmail.com
256,Mary,Perry,m.perry@randatmail.com
257,Abraham,Chapman,a.chapman@randatmail.com
258,Lana,Martin,l.martin@randatmail.com
259,Spike,Crawford,s.crawford@randatmail.com
260,Adele,Dixon,a.dixon@randatmail.com
261,Catherine,Dixon,c.dixon@randatmail.com
262,Paul,Clark,p.clark@randatmail.com
263,Jack,Martin,j.martin@randatmail.com
264,Maximilian,Bennett,m.bennett@randatmail.com
265,Savana,Ferguson,s.ferguson@randatmail.com
266,Adrian,Reed,a.reed@randatmail.com
267,Bruce,Anderson,b.anderson@randatmail.com
268,Naomi,Farrell,n.farrell@randatmail.com
269,Ryan,Ferguson,r.ferguson@randatmail.com
270,Preston,Holmes,p.holmes@randatmail.com
271,Sofia,Watson,s.watson@randatmail.com
272,Kristian,Perkins,k.perkins@randatmail.com
273,Adele,Hall,a.hall@randatmail.com
274,Walter,Morris,w.morris@randatmail.com
275,Ashton,Ryan,a.ryan@randatmail.com
276,Catherine,Alexander,c.alexander@randatmail.com
277,Vincent,Mason,v.mason@randatmail.com
278,Frederick,Crawford,f.crawford@randatmail.com
279,Harold,Morrison,h.morrison@randatmail.com
280,Jessica,Kelley,j.kelley@randatmail.com
281,Daryl,Hawkins,d.hawkins@randatmail.com
282,Kevin,Perry,k.perry@randatmail.com
283,Kellan,Morgan,k.morgan@randatmail.com
284,Daryl,Hunt,d.hunt@randatmail.com
285,Annabella,Harper,a.harper@randatmail.com
286,Ted,Moore,t.moore@randatmail.com
287,Sydney,Payne,s.payne@randatmail.com
288,Jordan,Nelson,j.nelson@randatmail.com
289,Elise,Clark,e.clark@randatmail.com
290,Adrian,Richardson,a.richardson@randatmail.com
291,Kelvin,Taylor,k.taylor@randatmail.com
292,Kate,Taylor,k.taylor@randatmail.com
293,Vivian,Harris,v.harris@randatmail.com
294,Agata,Ross,a.ross@randatmail.com
295,Jacob,Stevens,j.stevens@randatmail.com
296,Julia,Crawford,j.crawford@randatmail.com
297,Alberta,Wells,a.wells@randatmail.com
298,Eleanor,Brown,e.brown@randatmail.com
299,Victoria,Adams,v.adams@randatmail.com
300,Julia,Baker,j.baker@randatmail.com
301,George,Robinson,g.robinson@randatmail.com
302,Emma,Grant,e.grant@randatmail.com
303,Reid,Holmes,r.holmes@randatmail.com
304,Alen,Thompson,a.thompson@randatmail.com
305,George,Ferguson,g.ferguson@randatmail.com
306,Ned,Rogers,n.rogers@randatmail.com
307,James,Spencer,j.spencer@randatmail.com
308,Justin,Tucker,j.tucker@randatmail.com
309,Maddie,Cole,m.cole@randatmail.com
310,David,Wright,d.wright@randatmail.com
311,Miranda,Rogers,m.rogers@randatmail.com
312,Kevin,Payne,k.payne@randatmail.com
313,Wilson,Johnson,w.johnson@randatmail.com
314,Walter,Cunningham,w.cunningham@randatmail.com
315,Honey,Russell,h.russell@randatmail.com
316,Miller,Montgomery,m.montgomery@randatmail.com
317,Tyler,Armstrong,t.armstrong@randatmail.com
318,Frederick,Harper,f.harper@randatmail.com
319,Joyce,Tucker,j.tucker@randatmail.com
320,Adam,Allen,a.allen@randatmail.com
321,Daisy,Warren,d.warren@randatmail.com
322,Albert,Mitchell,a.mitchell@randatmail.com
323,Jared,Cole,j.cole@randatmail.com
324,Vincent,Wells,v.wells@randatmail.com
325,Frederick,Richardson,f.richardson@randatmail.com
326,Kelsey,Parker,k.parker@randatmail.com
327,Kellan,Brooks,k.brooks@randatmail.com
328,Charlie,Wells,c.wells@randatmail.com
329,Alan,Allen,a.allen@randatmail.com
330,Alfred,Kelley,a.kelley@randatmail.com
331,Stella,Myers,s.myers@randatmail.com
332,Grace,Thompson,g.thompson@randatmail.com
333,Samantha,Murphy,s.murphy@randatmail.com
334,Nicole,Allen,n.allen@randatmail.com
335,Lily,Campbell,l.campbell@randatmail.com
336,Belinda,Gray,b.gray@randatmail.com
337,Edwin,Henderson,e.henderson@randatmail.com
338,Abraham,Roberts,a.roberts@randatmail.com
339,Carina,Mitchell,c.mitchell@randatmail.com
340,Max,Reed,m.reed@randatmail.com
341,Kellan,Sullivan,k.sullivan@randatmail.com
342,Edgar,Morrison,e.morrison@randatmail.com
343,Penelope,Payne,p.payne@randatmail.com
344,Rosie,Baker,r.baker@randatmail.com
345,Lilianna,Nelson,l.nelson@randatmail.com
346,Darcy,Kelly,d.kelly@randatmail.com
347,Victoria,Miller,v.miller@randatmail.com
348,Maddie,Fowler,m.fowler@randatmail.com
349,Dale,Holmes,d.holmes@randatmail.com
350,Camila,Rogers,c.rogers@randatmail.com
351,Alen,Barnes,a.barnes@randatmail.com
352,Alisa,Campbell,a.campbell@randatmail.com
353,Jasmine,Elliott,j.elliott@randatmail.com
354,Harold,Miller,h.miller@randatmail.com
355,Alissa,Cooper,a.cooper@randatmail.com
356,Edwin,Casey,e.casey@randatmail.com
357,Sam,Barrett,s.barrett@randatmail.com
358,Thomas,Parker,t.parker@randatmail.com
359,Alen,Richards,a.richards@randatmail.com
360,Julian,Crawford,j.crawford@randatmail.com
361,Honey,Moore,h.moore@randatmail.com
362,Jack,Rogers,j.rogers@randatmail.com
363,Adrian,Adams,a.adams@randatmail.com
364,Arnold,Clark,a.clark@randatmail.com
365,April,Higgins,a.higgins@randatmail.com
366,Kelsey,Clark,k.clark@randatmail.com
367,Belinda,Holmes,b.holmes@randatmail.com
368,Oliver,Campbell,o.campbell@randatmail.com
369,Maddie,Turner,m.turner@randatmail.com
370,Penelope,Williams,p.williams@randatmail.com
371,Adrian,Thomas,a.thomas@randatmail.com
372,Leonardo,Wright,l.wright@randatmail.com
373,Cadie,Richardson,c.richardson@randatmail.com
374,Patrick,Miller,p.miller@randatmail.com
375,Sawyer,Carter,s.carter@randatmail.com
376,Roland,Craig,r.craig@randatmail.com
377,George,Sullivan,g.sullivan@randatmail.com
378,Victoria,Holmes,v.holmes@randatmail.com
379,Camila,Morris,c.morris@randatmail.com
380,Daisy,Morrison,d.morrison@randatmail.com
381,Melissa,Bailey,m.bailey@randatmail.com
382,Caroline,Farrell,c.farrell@randatmail.com
383,Kimberly,Robinson,k.robinson@randatmail.com
384,Walter,Rogers,w.rogers@randatmail.com
385,Rubie,Roberts,r.roberts@randatmail.com
386,Tyler,Russell,t.russell@randatmail.com
387,Tara,Carter,t.carter@randatmail.com
388,Frederick,Henderson,f.henderson@randatmail.com
389,Luke,Morris,l.morris@randatmail.com
390,Kimberly,Crawford,k.crawford@randatmail.com
391,Victoria,Hill,v.hill@randatmail.com
392,Brianna,Thomas,b.thomas@randatmail.com
393,Tiana,Johnson,t.johnson@randatmail.com
394,Haris,Douglas,h.douglas@randatmail.com
395,William,Alexander,w.alexander@randatmail.com
396,Vanessa,Hall,v.hall@randatmail.com
397,Freddie,Spencer,f.spencer@randatmail.com
398,Victoria,Ross,v.ross@randatmail.com
399,Myra,Adams,m.adams@randatmail.com
400,Justin,Thomas,j.thomas@randatmail.com
401,Leonardo,Bailey,l.bailey@randatmail.com
402,Chester,Davis,c.davis@randatmail.com
403,Kelsey,Gray,k.gray@randatmail.com
404,Jenna,Barnes,j.barnes@randatmail.com
405,Connie,Morgan,c.morgan@randatmail.com
406,Amelia,Parker,a.parker@randatmail.com
407,Chelsea,Harper,c.harper@randatmail.com
408,Kirsten,Gibson,k.gibson@randatmail.com
409,Lily,Perry,l.perry@randatmail.com
410,Dexter,Brooks,d.brooks@randatmail.com
411,Chloe,Fowler,c.fowler@randatmail.com
412,Amy,Brown,a.brown@randatmail.com
413,Melanie,Tucker,m.tucker@randatmail.com
414,Frederick,Farrell,f.farrell@randatmail.com
415,Bruce,Cunningham,b.cunningham@randatmail.com
416,Myra,Lloyd,m.lloyd@randatmail.com
417,Sophia,Sullivan,s.sullivan@randatmail.com
418,Alan,Parker,a.parker@randatmail.com
419,Oscar,Owens,o.owens@randatmail.com
420,Jacob,Davis,j.davis@randatmail.com
421,Tiana,Higgins,t.higgins@randatmail.com
422,James,Hill,j.hill@randatmail.com
423,Adrianna,Murray,a.murray@randatmail.com
424,Roland,Ross,r.ross@randatmail.com
425,Sam,Armstrong,s.armstrong@randatmail.com
426,Julian,Richards,j.richards@randatmail.com
427,Lyndon,Robinson,l.robinson@randatmail.com
428,Belinda,Williams,b.williams@randatmail.com
429,Sophia,Carroll,s.carroll@randatmail.com
430,Chelsea,Evans,c.evans@randatmail.com
431,Sienna,Smith,s.smith@randatmail.com
432,Lucy,Hill,l.hill@randatmail.com
433,Alen,Richards,a.richards@randatmail.com
434,Edwin,Brooks,e.brooks@randatmail.com
435,Eric,Russell,e.russell@randatmail.com
436,Cherry,Holmes,c.holmes@randatmail.com
437,Rubie,Reed,r.reed@randatmail.com
438,Amanda,Richardson,a.richardson@randatmail.com
439,Heather,Rogers,h.rogers@randatmail.com
440,Kelsey,Armstrong,k.armstrong@randatmail.com
441,Andrew,Riley,a.riley@randatmail.com
442,Fenton,Fowler,f.fowler@randatmail.com
443,Maria,Gibson,m.gibson@randatmail.com
444,Mike,Higgins,m.higgins@randatmail.com
445,Darcy,Henderson,d.henderson@randatmail.com
446,Arnold,Thompson,a.thompson@randatmail.com
447,Spike,Richards,s.richards@randatmail.com
448,Ryan,Johnston,r.johnston@randatmail.com
449,Adelaide,Phillips,a.phillips@randatmail.com
450,Adam,Phillips,a.phillips@randatmail.com
451,Evelyn,Watson,e.watson@randatmail.com
452,Mary,Hall,m.hall@randatmail.com
453,Deanna,Tucker,d.tucker@randatmail.com
454,Hailey,Brooks,h.brooks@randatmail.com
455,Cherry,Kelly,c.kelly@randatmail.com
456,Alan,Morgan,a.morgan@randatmail.com
457,Ashton,Kelley,a.kelley@randatmail.com
458,Paige,Hill,p.hill@randatmail.com
459,Steven,Allen,s.allen@randatmail.com
460,Jenna,Hall,j.hall@randatmail.com
461,Oscar,Wells,o.wells@randatmail.com
462,Dainton,Brooks,d.brooks@randatmail.com
463,Abigail,Thompson,a.thompson@randatmail.com
464,Gianna,Reed,g.reed@randatmail.com
465,Thomas,Crawford,t.crawford@randatmail.com
466,Agata,Riley,a.riley@randatmail.com
467,Thomas,Wilson,t.wilson@randatmail.com
468,Heather,Elliott,h.elliott@randatmail.com
469,Justin,Stewart,j.stewart@randatmail.com
470,Maria,Douglas,m.douglas@randatmail.com
471,Isabella,Robinson,i.robinson@randatmail.com
472,Henry,Davis,h.davis@randatmail.com
473,Roland,Mason,r.mason@randatmail.com
474,Dominik,Stevens,d.stevens@randatmail.com
475,Fiona,Smith,f.smith@randatmail.com
476,Julian,Clark,j.clark@randatmail.com
477,Annabella,Stevens,a.stevens@randatmail.com
478,Nicole,Sullivan,n.sullivan@randatmail.com
479,Byron,Gibson,b.gibson@randatmail.com
480,Ryan,Andrews,r.andrews@randatmail.com
481,Patrick,Crawford,p.crawford@randatmail.com
482,Antony,Riley,a.riley@randatmail.com
483,Melissa,Williams,m.williams@randatmail.com
484,Rafael,Ellis,r.ellis@randatmail.com
485,Catherine,Stevens,c.stevens@randatmail.com
486,Kelsey,Montgomery,k.montgomery@randatmail.com
487,Alen,Mason,a.mason@randatmail.com
488,Kellan,Clark,k.clark@randatmail.com
489,Alexia,Lloyd,a.lloyd@randatmail.com
490,Chelsea,Payne,c.payne@randatmail.com
491,Gianna,West,g.west@randatmail.com
492,Dexter,Thompson,d.thompson@randatmail.com
493,Ryan,Morris,r.morris@randatmail.com
494,Cadie,Kelly,c.kelly@randatmail.com
495,Jenna,Andrews,j.andrews@randatmail.com
496,Roman,Ellis,r.ellis@randatmail.com
497,Dexter,Taylor,d.taylor@randatmail.com
498,Emily,Riley,e.riley@randatmail.com
499,Heather,Hawkins,h.hawkins@randatmail.com
500,Lyndon,Bennett,l.bennett@randatmail.com
501,Walter,Tucker,w.tucker@randatmail.com
502,Savana,Andrews,s.andrews@randatmail.com
503,Michael,Payne,m.payne@randatmail.com
504,Lydia,Taylor,l.taylor@randatmail.com
505,Chelsea,Myers,c.myers@randatmail.com
506,Preston,Bennett,p.bennett@randatmail.com
507,Valeria,Watson,v.watson@randatmail.com
508,Heather,Bennett,h.bennett@randatmail.com
509,Annabella,Howard,a.howard@randatmail.com
510,Ada,Fowler,a.fowler@randatmail.com
511,Lucas,Bennett,l.bennett@randatmail.com
512,John,Cameron,j.cameron@randatmail.com
513,Sophia,Richardson,s.richardson@randatmail.com
514,Anna,Ferguson,a.ferguson@randatmail.com
515,Ada,Turner,a.turner@randatmail.com
516,James,Richardson,j.richardson@randatmail.com
517,Rebecca,Edwards,r.edwards@randatmail.com
518,Adison,Rogers,a.rogers@randatmail.com
519,Antony,Adams,a.adams@randatmail.com
520,Camila,Thomas,c.thomas@randatmail.com
521,Naomi,Barrett,n.barrett@randatmail.com
522,Adrian,Wright,a.wright@randatmail.com
523,Tara,Holmes,t.holmes@randatmail.com
524,Julian,Ryan,j.ryan@randatmail.com
525,Sophia,Hall,s.hall@randatmail.com
526,Emma,Payne,e.payne@randatmail.com
527,Audrey,Perkins,a.perkins@randatmail.com
528,Natalie,Henderson,n.henderson@randatmail.com
529,Abigail,Myers,a.myers@randatmail.com
530,James,Holmes,j.holmes@randatmail.com
531,Amanda,Edwards,a.edwards@randatmail.com
532,Alexia,Thomas,a.thomas@randatmail.com
533,Luke,Clark,l.clark@randatmail.com
534,Andrew,Wilson,a.wilson@randatmail.com
535,Jasmine,Fowler,j.fowler@randatmail.com
536,Darcy,Turner,d.turner@randatmail.com
537,Jenna,Wright,j.wright@randatmail.com
538,John,Perkins,j.perkins@randatmail.com
539,Amanda,Grant,a.grant@randatmail.com
540,Lily,Fowler,l.fowler@randatmail.com
541,Nicholas,Alexander,n.alexander@randatmail.com
542,Mike,Bennett,m.bennett@randatmail.com
543,Mike,Ellis,m.ellis@randatmail.com
544,Aldus,Johnston,a.johnston@randatmail.com
545,Alisa,Douglas,a.douglas@randatmail.com
546,Ryan,Robinson,r.robinson@randatmail.com
547,Jenna,Cunningham,j.cunningham@randatmail.com
548,Adrianna,Craig,a.craig@randatmail.com
549,Melissa,Russell,m.russell@randatmail.com
550,Luke,Bailey,l.bailey@randatmail.com
551,Jacob,Barrett,j.barrett@randatmail.com
552,Dainton,Montgomery,d.montgomery@randatmail.com
553,Edward,Hunt,e.hunt@randatmail.com
554,Clark,Warren,c.warren@randatmail.com
555,Vivian,Spencer,v.spencer@randatmail.com
556,Patrick,Campbell,p.campbell@randatmail.com
557,Abraham,Reed,a.reed@randatmail.com
558,Sienna,Brown,s.brown@randatmail.com
559,Adam,Scott,a.scott@randatmail.com
560,Ned,Cameron,n.cameron@randatmail.com
561,Sophia,Fowler,s.fowler@randatmail.com
562,Lenny,Moore,l.moore@randatmail.com
563,Melanie,Cunningham,m.cunningham@randatmail.com
564,Lenny,Williams,l.williams@randatmail.com
565,Alina,Thompson,a.thompson@randatmail.com
566,Frederick,Morris,f.morris@randatmail.com
567,Derek,Johnson,d.johnson@randatmail.com
568,Amelia,Cameron,a.cameron@randatmail.com
569,Agata,Ross,a.ross@randatmail.com
570,Maddie,Crawford,m.crawford@randatmail.com
571,Chloe,Spencer,c.spencer@randatmail.com
572,Charlie,Morgan,c.morgan@randatmail.com
573,Maximilian,Murphy,m.murphy@randatmail.com
574,Adison,Gray,a.gray@randatmail.com
575,Abigail,Barnes,a.barnes@randatmail.com
576,Amy,Phillips,a.phillips@randatmail.com
577,Jenna,Hawkins,j.hawkins@randatmail.com
578,Maria,Holmes,m.holmes@randatmail.com
579,Heather,Perry,h.perry@randatmail.com
580,Chester,Lloyd,c.lloyd@randatmail.com
581,Clark,Hunt,c.hunt@randatmail.com
582,Leonardo,Mitchell,l.mitchell@randatmail.com
583,Rubie,Warren,r.warren@randatmail.com
584,Mary,Gray,m.gray@randatmail.com
585,Alina,Richards,a.richards@randatmail.com
586,Sienna,Evans,s.evans@randatmail.com
587,Mike,Allen,m.allen@randatmail.com
588,Cadie,Edwards,c.edwards@randatmail.com
589,Sofia,Davis,s.davis@randatmail.com
590,Emma,Ross,e.ross@randatmail.com
591,Elise,Thompson,e.thompson@randatmail.com
592,Olivia,Douglas,o.douglas@randatmail.com
593,Carlos,Campbell,c.campbell@randatmail.com
594,Tyler,Brooks,t.brooks@randatmail.com
595,April,Johnson,a.johnson@randatmail.com
596,Connie,Martin,c.martin@randatmail.com
597,Jasmine,Mason,j.mason@randatmail.com
598,Savana,Adams,s.adams@randatmail.com
599,Samantha,Cooper,s.cooper@randatmail.com
600,Caroline,Wilson,c.wilson@randatmail.com
601,Eddy,Adams,e.adams@randatmail.com
602,Eric,Taylor,e.taylor@randatmail.com
603,Harold,Russell,h.russell@randatmail.com
604,Elise,Douglas,e.douglas@randatmail.com
605,Miller,Barrett,m.barrett@randatmail.com
606,Amanda,Allen,a.allen@randatmail.com
607,Ada,Brown,a.brown@randatmail.com
608,Antony,Miller,a.miller@randatmail.com
609,Julian,Davis,j.davis@randatmail.com
610,Richard,Hawkins,r.hawkins@randatmail.com
611,Lyndon,Thomas,l.thomas@randatmail.com
612,Edith,Baker,e.baker@randatmail.com
613,Jacob,Ryan,j.ryan@randatmail.com
614,Max,Brown,m.brown@randatmail.com
615,Lucas,Robinson,l.robinson@randatmail.com
616,Jordan,Watson,j.watson@randatmail.com
617,Catherine,Barnes,c.barnes@randatmail.com
618,Ned,Davis,n.davis@randatmail.com
619,Edwin,Montgomery,e.montgomery@randatmail.com
620,Dominik,Brown,d.brown@randatmail.com
621,Florrie,Anderson,f.anderson@randatmail.com
622,Harold,Murphy,h.murphy@randatmail.com
623,Connie,Higgins,c.higgins@randatmail.com
624,Nicholas,Wells,n.wells@randatmail.com
625,Tony,Andrews,t.andrews@randatmail.com
626,Alissa,Reed,a.reed@randatmail.com
627,Maya,Morgan,m.morgan@randatmail.com
628,Florrie,Elliott,f.elliott@randatmail.com
629,Sarah,Murray,s.murray@randatmail.com
630,Reid,Murphy,r.murphy@randatmail.com
631,Adam,Mason,a.mason@randatmail.com
632,Victoria,Perkins,v.perkins@randatmail.com
633,Stella,Mitchell,s.mitchell@randatmail.com
634,Lyndon,Carroll,l.carroll@randatmail.com
635,Alfred,Barrett,a.barrett@randatmail.com
636,Daniel,Walker,d.walker@randatmail.com
637,Lucy,Cooper,l.cooper@randatmail.com
638,Andrew,Morris,a.morris@randatmail.com
639,Albert,West,a.west@randatmail.com
640,Belinda,Adams,b.adams@randatmail.com
641,Frederick,Thompson,f.thompson@randatmail.com
642,Dale,Crawford,d.crawford@randatmail.com
643,Alissa,Mason,a.mason@randatmail.com
644,Amanda,Morrison,a.morrison@randatmail.com
645,Maximilian,Alexander,m.alexander@randatmail.com
646,Aiden,Morgan,a.morgan@randatmail.com
647,Deanna,Foster,d.foster@randatmail.com
648,Heather,Armstrong,h.armstrong@randatmail.com
649,Dominik,Ryan,d.ryan@randatmail.com
650,Justin,Barrett,j.barrett@randatmail.com
651,Henry,Wells,h.wells@randatmail.com
652,Briony,Hawkins,b.hawkins@randatmail.com
653,Aiden,Hamilton,a.hamilton@randatmail.com
654,Alfred,Farrell,a.farrell@randatmail.com
655,Martin,Hall,m.hall@randatmail.com
656,Carlos,Kelley,c.kelley@randatmail.com
657,Ned,Miller,n.miller@randatmail.com
658,Sophia,Dixon,s.dixon@randatmail.com
659,Lily,Holmes,l.holmes@randatmail.com
660,Arthur,Phillips,a.phillips@randatmail.com
661,Mary,Martin,m.martin@randatmail.com
662,Brooke,Perry,b.perry@randatmail.com
663,Dexter,Spencer,d.spencer@randatmail.com
664,Darcy,Ferguson,d.ferguson@randatmail.com
665,Lenny,Ferguson,l.ferguson@randatmail.com
666,Jessica,Mitchell,j.mitchell@randatmail.com
667,Caroline,Hunt,c.hunt@randatmail.com
668,James,Murray,j.murray@randatmail.com
669,Amelia,Higgins,a.higgins@randatmail.com
670,Tyler,Moore,t.moore@randatmail.com
671,Alina,Douglas,a.douglas@randatmail.com
672,Vivian,Jones,v.jones@randatmail.com
673,Jordan,Ross,j.ross@randatmail.com
674,Rebecca,Barnes,r.barnes@randatmail.com
675,Blake,Brooks,b.brooks@randatmail.com
676,Adrian,Phillips,a.phillips@randatmail.com
677,Naomi,Roberts,n.roberts@randatmail.com
678,Ashton,Baker,a.baker@randatmail.com
679,Tyler,Baker,t.baker@randatmail.com
680,Leonardo,Spencer,l.spencer@randatmail.com
681,Alan,Foster,a.foster@randatmail.com
682,Nicole,Clark,n.clark@randatmail.com
683,Anna,Armstrong,a.armstrong@randatmail.com
684,James,Robinson,j.robinson@randatmail.com
685,William,Wells,w.wells@randatmail.com
686,April,Martin,a.martin@randatmail.com
687,Victoria,Russell,v.russell@randatmail.com
688,Agata,Fowler,a.fowler@randatmail.com
689,Alexia,Kelley,a.kelley@randatmail.com
690,Briony,Kelly,b.kelly@randatmail.com
691,Evelyn,Williams,e.williams@randatmail.com
692,Chloe,Mitchell,c.mitchell@randatmail.com
693,Steven,Hunt,s.hunt@randatmail.com
694,Chester,Morris,c.morris@randatmail.com
695,Hailey,Ryan,h.ryan@randatmail.com
696,Paul,Elliott,p.elliott@randatmail.com
697,Carina,Johnston,c.johnston@randatmail.com
698,Dexter,Tucker,d.tucker@randatmail.com
699,Eric,Elliott,e.elliott@randatmail.com
700,Amelia,Robinson,a.robinson@randatmail.com
701,Miller,Hunt,m.hunt@randatmail.com
702,Adison,Howard,a.howard@randatmail.com
703,Sofia,Campbell,s.campbell@randatmail.com
704,Madaline,Bailey,m.bailey@randatmail.com
705,Alissa,Ferguson,a.ferguson@randatmail.com
706,Tess,Anderson,t.anderson@randatmail.com
707,Rebecca,Hunt,r.hunt@randatmail.com
708,Dale,Allen,d.allen@randatmail.com
709,Stuart,Gibson,s.gibson@randatmail.com
710,Jenna,Mitchell,j.mitchell@randatmail.com
711,Vivian,Roberts,v.roberts@randatmail.com
712,Elise,Parker,e.parker@randatmail.com
713,Lily,Myers,l.myers@randatmail.com
714,Kirsten,Cooper,k.cooper@randatmail.com
715,Penelope,Craig,p.craig@randatmail.com
716,Preston,Campbell,p.campbell@randatmail.com
717,Camila,Thompson,c.thompson@randatmail.com
718,Spike,Thompson,s.thompson@randatmail.com
719,Adele,Gray,a.gray@randatmail.com
720,Oliver,Mitchell,o.mitchell@randatmail.com
721,Jared,Cooper,j.cooper@randatmail.com
722,Maximilian,Perkins,m.perkins@randatmail.com
723,Edgar,Campbell,e.campbell@randatmail.com
724,Walter,Rogers,w.rogers@randatmail.com
725,Mike,Gray,m.gray@randatmail.com
726,Oliver,Spencer,o.spencer@randatmail.com
727,Alford,Richardson,a.richardson@randatmail.com
728,Abraham,Gibson,a.gibson@randatmail.com
729,Ryan,Ross,r.ross@randatmail.com
730,Julia,Alexander,j.alexander@randatmail.com
731,Belinda,Perry,b.perry@randatmail.com
732,Clark,Scott,c.scott@randatmail.com
733,Alan,Lloyd,a.lloyd@randatmail.com
734,Leonardo,Kelley,l.kelley@randatmail.com
735,Thomas,Mitchell,t.mitchell@randatmail.com
736,Alina,Parker,a.parker@randatmail.com
737,Ryan,Barrett,r.barrett@randatmail.com
738,Alina,Turner,a.turner@randatmail.com
739,James,Taylor,j.taylor@randatmail.com
740,Fiona,Hunt,f.hunt@randatmail.com
741,Aida,Thomas,a.thomas@randatmail.com
742,Amanda,Farrell,a.farrell@randatmail.com
743,Sabrina,Stevens,s.stevens@randatmail.com
744,Valeria,Murphy,v.murphy@randatmail.com
745,Antony,Dixon,a.dixon@randatmail.com
746,George,Murphy,g.murphy@randatmail.com
747,Martin,Clark,m.clark@randatmail.com
748,Edith,Wilson,e.wilson@randatmail.com
749,Derek,Henderson,d.henderson@randatmail.com
750,Rubie,Armstrong,r.armstrong@randatmail.com
751,Maddie,Harris,m.harris@randatmail.com
752,Vivian,Carter,v.carter@randatmail.com
753,Jacob,Morgan,j.morgan@randatmail.com
754,Lily,Jones,l.jones@randatmail.com
755,Caroline,Perkins,c.perkins@randatmail.com
756,Honey,Robinson,h.robinson@randatmail.com
757,Catherine,Jones,c.jones@randatmail.com
758,Aida,Watson,a.watson@randatmail.com
759,Adison,Hill,a.hill@randatmail.com
760,Cadie,Edwards,c.edwards@randatmail.com
761,Adele,Montgomery,a.montgomery@randatmail.com
762,Garry,Thompson,g.thompson@randatmail.com
763,Ryan,Parker,r.parker@randatmail.com
764,Annabella,Hamilton,a.hamilton@randatmail.com
765,Agata,Adams,a.adams@randatmail.com
766,Ryan,Richards,r.richards@randatmail.com
767,Kristian,Murphy,k.murphy@randatmail.com
768,Arnold,Alexander,a.alexander@randatmail.com
769,Maximilian,Barrett,m.barrett@randatmail.com
770,Ellia,Mason,e.mason@randatmail.com
771,Alberta,Payne,a.payne@randatmail.com
772,Kevin,Edwards,k.edwards@randatmail.com
773,Ellia,Farrell,e.farrell@randatmail.com
774,Brianna,Russell,b.russell@randatmail.com
775,Natalie,Ryan,n.ryan@randatmail.com
776,Belinda,Allen,b.allen@randatmail.com
777,Melanie,Andrews,m.andrews@randatmail.com
778,Charlie,Morrison,c.morrison@randatmail.com
779,Frederick,Higgins,f.higgins@randatmail.com
780,Ted,Smith,t.smith@randatmail.com
781,Cherry,Cameron,c.cameron@randatmail.com
782,Albert,Kelly,a.kelly@randatmail.com
783,Connie,Murphy,c.murphy@randatmail.com
784,Lucy,Mitchell,l.mitchell@randatmail.com
785,Alberta,Baker,a.baker@randatmail.com
786,Adison,Thompson,a.thompson@randatmail.com
787,Wilson,Campbell,w.campbell@randatmail.com
788,Owen,Kelly,o.kelly@randatmail.com
789,Richard,Hunt,r.hunt@randatmail.com
790,Tess,Chapman,t.chapman@randatmail.com
791,Amanda,Murphy,a.murphy@randatmail.com
792,Dexter,Gibson,d.gibson@randatmail.com
793,Albert,Thompson,a.thompson@randatmail.com
794,Darcy,Carter,d.carter@randatmail.com
795,Arthur,Kelly,a.kelly@randatmail.com
796,Albert,Hill,a.hill@randatmail.com
797,Kelsey,Allen,k.allen@randatmail.com
798,Mike,Evans,m.evans@randatmail.com
799,Andrew,Jones,a.jones@randatmail.com
800,Ada,Smith,a.smith@randatmail.com
801,Edith,Rogers,e.rogers@randatmail.com
802,Tiana,Henderson,t.henderson@randatmail.com
803,William,Martin,w.martin@randatmail.com
804,Rosie,Clark,r.clark@randatmail.com
805,Amanda,Brown,a.brown@randatmail.com
806,Brad,Ellis,b.ellis@randatmail.com
807,Aida,Murray,a.murray@randatmail.com
808,Frederick,Stevens,f.stevens@randatmail.com
809,Spike,Riley,s.riley@randatmail.com
810,Ryan,Warren,r.warren@randatmail.com
811,Isabella,Wright,i.wright@randatmail.com
812,Eric,Owens,e.owens@randatmail.com
813,Amy,Dixon,a.dixon@randatmail.com
814,Lucas,Wells,l.wells@randatmail.com
815,Evelyn,Warren,e.warren@randatmail.com
816,Sam,Jones,s.jones@randatmail.com
817,Ada,Smith,a.smith@randatmail.com
818,David,Bailey,d.bailey@randatmail.com
819,James,Higgins,j.higgins@randatmail.com
820,Mary,Harris,m.harris@randatmail.com
821,Roman,Watson,r.watson@randatmail.com
822,Heather,Walker,h.walker@randatmail.com
823,Sawyer,Bailey,s.bailey@randatmail.com
824,Henry,Riley,h.riley@randatmail.com
825,Albert,Roberts,a.roberts@randatmail.com
826,Jacob,Mitchell,j.mitchell@randatmail.com
827,Max,Scott,m.scott@randatmail.com
828,Thomas,Walker,t.walker@randatmail.com
829,Adrian,Edwards,a.edwards@randatmail.com
830,Vincent,Adams,v.adams@randatmail.com
831,Heather,Moore,h.moore@randatmail.com
832,Ryan,Alexander,r.alexander@randatmail.com
833,Mary,Stewart,m.stewart@randatmail.com
834,Robert,Ryan,r.ryan@randatmail.com
835,Roland,Spencer,r.spencer@randatmail.com
836,Natalie,Harrison,n.harrison@randatmail.com
837,Hailey,Johnson,h.johnson@randatmail.com
838,Kelsey,Anderson,k.anderson@randatmail.com
839,Edward,Morrison,e.morrison@randatmail.com
840,Ellia,Turner,e.turner@randatmail.com
841,Freddie,Johnston,f.johnston@randatmail.com
842,Maya,Ellis,m.ellis@randatmail.com
843,Jacob,Scott,j.scott@randatmail.com
844,Elian,Spencer,e.spencer@randatmail.com
845,Jordan,Taylor,j.taylor@randatmail.com
846,Isabella,Clark,i.clark@randatmail.com
847,Amy,Baker,a.baker@randatmail.com
848,Madaline,Morrison,m.morrison@randatmail.com
849,George,Warren,g.warren@randatmail.com
850,Henry,Moore,h.moore@randatmail.com
851,Edward,Payne,e.payne@randatmail.com
852,Kristian,Kelley,k.kelley@randatmail.com
853,Harold,Richardson,h.richardson@randatmail.com
854,Mary,Edwards,m.edwards@randatmail.com
855,Julia,Miller,j.miller@randatmail.com
856,Brooke,Richardson,b.richardson@randatmail.com
857,Maddie,Sullivan,m.sullivan@randatmail.com
858,Eleanor,Perkins,e.perkins@randatmail.com
859,Sydney,Murphy,s.murphy@randatmail.com
860,Aldus,Mason,a.mason@randatmail.com
861,Lily,Harris,l.harris@randatmail.com
862,Vivian,Moore,v.moore@randatmail.com
863,Alissa,West,a.west@randatmail.com
864,Darcy,Chapman,d.chapman@randatmail.com
865,Naomi,Bennett,n.bennett@randatmail.com
866,Julia,Gibson,j.gibson@randatmail.com
867,Jessica,Fowler,j.fowler@randatmail.com
868,Dainton,Perkins,d.perkins@randatmail.com
869,Fenton,Tucker,f.tucker@randatmail.com
870,Isabella,Spencer,i.spencer@randatmail.com
871,Miley,Jones,m.jones@randatmail.com
872,Jack,Adams,j.adams@randatmail.com
873,Darcy,Armstrong,d.armstrong@randatmail.com
874,Daryl,Johnston,d.johnston@randatmail.com
875,Dexter,Montgomery,d.montgomery@randatmail.com
876,Melanie,Casey,m.casey@randatmail.com
877,Alberta,Armstrong,a.armstrong@randatmail.com
878,Jacob,Adams,j.adams@randatmail.com
879,Miller,Martin,m.martin@randatmail.com
880,Max,Thomas,m.thomas@randatmail.com
881,Preston,Hamilton,p.hamilton@randatmail.com
882,Alan,Foster,a.foster@randatmail.com
883,Florrie,Cunningham,f.cunningham@randatmail.com
884,Adison,Russell,a.russell@randatmail.com
885,Alberta,Jones,a.jones@randatmail.com
886,Garry,Watson,g.watson@randatmail.com
887,Connie,Tucker,c.tucker@randatmail.com
888,Kevin,Andrews,k.andrews@randatmail.com
889,Annabella,Cole,a.cole@randatmail.com
890,Martin,Bailey,m.bailey@randatmail.com
891,Kellan,Gibson,k.gibson@randatmail.com
892,Charlotte,Montgomery,c.montgomery@randatmail.com
893,Sarah,Adams,s.adams@randatmail.com
894,Oliver,Kelley,o.kelley@randatmail.com
895,Brad,Andrews,b.andrews@randatmail.com
896,Oscar,Casey,o.casey@randatmail.com
897,Ned,Gibson,n.gibson@randatmail.com
898,Deanna,Thompson,d.thompson@randatmail.com
899,Arnold,Johnson,a.johnson@randatmail.com
900,Charlie,Casey,c.casey@randatmail.com
901,Julia,Riley,j.riley@randatmail.com
902,Kevin,Thomas,k.thomas@randatmail.com
903,Kirsten,Bailey,k.bailey@randatmail.com
904,Nicholas,Wells,n.wells@randatmail.com
905,Briony,Cole,b.cole@randatmail.com
906,Rosie,Stevens,r.stevens@randatmail.com
907,Eric,Higgins,e.higgins@randatmail.com
908,Julia,Smith,j.smith@randatmail.com
909,Tara,Anderson,t.anderson@randatmail.com
910,Arnold,Reed,a.reed@randatmail.com
911,Lucy,Clark,l.clark@randatmail.com
912,Lana,Myers,l.myers@randatmail.com
913,James,Thomas,j.thomas@randatmail.com
914,Victor,Riley,v.riley@randatmail.com
915,Edith,Lloyd,e.lloyd@randatmail.com
916,Aston,Gray,a.gray@randatmail.com
917,Vanessa,Edwards,v.edwards@randatmail.com
918,Annabella,Anderson,a.anderson@randatmail.com
919,Melissa,Scott,m.scott@randatmail.com
920,Byron,Harper,b.harper@randatmail.com
921,Rubie,Farrell,r.farrell@randatmail.com
922,Jack,Andrews,j.andrews@randatmail.com
923,Jenna,Watson,j.watson@randatmail.com
924,Edwin,Hamilton,e.hamilton@randatmail.com
925,Amanda,Miller,a.miller@randatmail.com
926,Chester,Spencer,c.spencer@randatmail.com
927,Amber,Morris,a.morris@randatmail.com
928,Amanda,Richardson,a.richardson@randatmail.com
929,Isabella,Cameron,i.cameron@randatmail.com
930,Abigail,Craig,a.craig@randatmail.com
931,Sienna,Anderson,s.anderson@randatmail.com
932,Charlotte,Campbell,c.campbell@randatmail.com
933,George,Roberts,g.roberts@randatmail.com
934,Adison,Carter,a.carter@randatmail.com
935,Henry,Mitchell,h.mitchell@randatmail.com
936,Kelvin,Russell,k.russell@randatmail.com
937,Roman,Lloyd,r.lloyd@randatmail.com
938,Adelaide,Robinson,a.robinson@randatmail.com
939,Kelvin,Carter,k.carter@randatmail.com
940,Jordan,Ferguson,j.ferguson@randatmail.com
941,Hailey,Murphy,h.murphy@randatmail.com
942,Naomi,Cunningham,n.cunningham@randatmail.com
943,Fiona,Cameron,f.cameron@randatmail.com
944,Daisy,Holmes,d.holmes@randatmail.com
945,Melanie,Howard,m.howard@randatmail.com
946,Natalie,Sullivan,n.sullivan@randatmail.com
947,Gianna,Lloyd,g.lloyd@randatmail.com
948,Tess,Henderson,t.henderson@randatmail.com
949,Amanda,Anderson,a.anderson@randatmail.com
950,Carina,Owens,c.owens@randatmail.com
951,Rebecca,Davis,r.davis@randatmail.com
952,Marcus,Richardson,m.richardson@randatmail.com
953,Thomas,Morris,t.morris@randatmail.com
954,Sydney,Barrett,s.barrett@randatmail.com
955,Abigail,Lloyd,a.lloyd@randatmail.com
956,Carina,Phillips,c.phillips@randatmail.com
957,Jared,Carroll,j.carroll@randatmail.com
958,Carina,Douglas,c.douglas@randatmail.com
959,Maya,Douglas,m.douglas@randatmail.com
960,Agata,Clark,a.clark@randatmail.com
961,Fiona,Ellis,f.ellis@randatmail.com
962,Derek,Farrell,d.farrell@randatmail.com
963,Luke,Wilson,l.wilson@randatmail.com
964,Alfred,Russell,a.russell@randatmail.com
965,Derek,Morrison,d.morrison@randatmail.com
966,Frederick,Kelly,f.kelly@randatmail.com
967,Fiona,Clark,f.clark@randatmail.com
968,Frederick,Hamilton,f.hamilton@randatmail.com
969,Henry,Morrison,h.morrison@randatmail.com
970,Maddie,Lloyd,m.lloyd@randatmail.com
971,Florrie,Ross,f.ross@randatmail.com
972,Oscar,Tucker,o.tucker@randatmail.com
973,Jack,Mitchell,j.mitchell@randatmail.com
974,Amelia,Campbell,a.campbell@randatmail.com
975,Adele,Foster,a.foster@randatmail.com
976,Madaline,Jones,m.jones@randatmail.com
977,Arthur,Taylor,a.taylor@randatmail.com
978,Lyndon,Johnson,l.johnson@randatmail.com
979,Roland,Holmes,r.holmes@randatmail.com
980,Maddie,Harris,m.harris@randatmail.com
981,Brianna,Turner,b.turner@randatmail.com
982,Jacob,Edwards,j.edwards@randatmail.com
983,John,Hall,j.hall@randatmail.com
984,Ada,Perry,a.perry@randatmail.com
985,Aldus,Foster,a.foster@randatmail.com
986,Martin,Lloyd,m.lloyd@randatmail.com
987,Richard,Hawkins,r.hawkins@randatmail.com
988,Melissa,Lloyd,m.lloyd@randatmail.com
989,Alina,Johnson,a.johnson@randatmail.com
990,Cherry,Ellis,c.ellis@randatmail.com
991,Alissa,Russell,a.russell@randatmail.com
992,Adele,Spencer,a.spencer@randatmail.com
993,Deanna,Craig,d.craig@randatmail.com
994,Charlotte,Spencer,c.spencer@randatmail.com
995,Luke,Scott,l.scott@randatmail.com
996,Maximilian,Sullivan,m.sullivan@randatmail.com
997,Connie,Edwards,c.edwards@randatmail.com
998,William,Nelson,w.nelson@randatmail.com
999,Brad,Hamilton,b.hamilton@randatmail.com
1000,Miller,Thomas,m.thomas@randatmail.com
